{
  "bbn1lhuw2c52lfxq2hx9f9z2j9pkj6d9q62e8wu5tp": {
    "aggregates": {
      "total_baby": 2555.777455655
    }
  },
  "bbn157vjld2u9j2qgwcswrmz7nay84mplnyuqdlky4": {
    "aggregates": {
      "total_baby": 5399.0289586
    }
  },
  "bbn1adsm9pukc3rcxv7ly0zcxj68v4f9v7yd85p6f4": {
    "aggregates": {
      "total_baby": 0
    }
  }
}
